pheno,range
age,205.48871200000002
bmi,8.984486985672987
mr,32.0
wm,28.0
ap,20.0
ad,26.0
mr_scaled,18.0
wm_corrected,155.0
