train_dataset,test_dataset,pheno,r_gt,r_sig_ground_truth,num_test_gt,p_gt
chcp_sc,hcp_sc,age,0.1091561907157753,1.0,1065,0.0001793612692483656
chcp_sc,hcp_sc,match,0.0390851281353694,0.0,1035,0.10448829558453163
chcp_sc,hcp_sc,rel,0.0605700078809918,1.0,1035,0.02570407295727667
hcp_sc,chcp_sc,age,0.2669275522988148,1.0,312,8.634104909566552e-07
hcp_sc,chcp_sc,match,0.0448112537346568,0.0,228,0.2503927358937327
hcp_sc,chcp_sc,rel,0.0845906363572973,0.0,228,0.10158848749506161
